peaColor,peaTexture
Yellow,smooth
Yellow,smooth
Yellow,smooth
Yellow,smooth
Yellow,smooth
Yellow,smooth
Yellow,smooth
Yellow,smooth
Yellow,smooth
Yellow,smooth
Yellow,smooth
Yellow,smooth
Yellow,smooth
Yellow,smooth
Yellow,smooth
Yellow,smooth
Yellow,smooth
Yellow,smooth
Yellow,smooth
Yellow,smooth
Yellow,smooth
Yellow,smooth
Yellow,smooth
Yellow,smooth
Yellow,smooth
Yellow,smooth
Yellow,smooth
Yellow,smooth
Yellow,smooth
Yellow,smooth
Yellow,smooth
Yellow,smooth
Yellow,smooth
Yellow,smooth
Yellow,smooth
Yellow,smooth
Yellow,smooth
Yellow,smooth
Yellow,smooth
Yellow,smooth
Yellow,smooth
Yellow,smooth
Yellow,smooth
Yellow,smooth
Yellow,smooth
Yellow,smooth
Yellow,smooth
Yellow,smooth
Yellow,smooth
Yellow,smooth
Yellow,smooth
Yellow,smooth
Yellow,smooth
Yellow,smooth
Yellow,smooth
Yellow,smooth
Yellow,smooth
Yellow,smooth
Yellow,smooth
Yellow,smooth
Yellow,smooth
Yellow,smooth
Yellow,smooth
Yellow,smooth
Yellow,smooth
Yellow,smooth
Yellow,smooth
Yellow,smooth
Yellow,smooth
Yellow,smooth
Yellow,smooth
Yellow,smooth
Yellow,smooth
Yellow,smooth
Yellow,smooth
Yellow,smooth
Yellow,smooth
Yellow,smooth
Yellow,smooth
Yellow,smooth
Yellow,smooth
Yellow,smooth
Yellow,smooth
Yellow,smooth
Yellow,smooth
Yellow,smooth
Yellow,smooth
Yellow,smooth
Yellow,smooth
Yellow,smooth
Yellow,smooth
Yellow,smooth
Yellow,smooth
Yellow,smooth
Yellow,smooth
Yellow,smooth
Yellow,smooth
Yellow,smooth
Yellow,smooth
Yellow,smooth
Yellow,smooth
Yellow,smooth
Yellow,smooth
Yellow,smooth
Yellow,smooth
Yellow,smooth
Yellow,smooth
Yellow,smooth
Yellow,smooth
Yellow,smooth
Yellow,smooth
Yellow,smooth
Yellow,smooth
Yellow,smooth
Yellow,smooth
Yellow,smooth
Yellow,smooth
Yellow,smooth
Yellow,smooth
Yellow,smooth
Yellow,smooth
Yellow,smooth
Yellow,smooth
Yellow,smooth
Yellow,smooth
Yellow,smooth
Yellow,smooth
Yellow,smooth
Yellow,smooth
Yellow,smooth
Yellow,smooth
Yellow,smooth
Yellow,smooth
Yellow,smooth
Yellow,smooth
Yellow,smooth
Yellow,smooth
Yellow,smooth
Yellow,smooth
Yellow,smooth
Yellow,smooth
Yellow,smooth
Yellow,smooth
Yellow,smooth
Yellow,smooth
Yellow,smooth
Yellow,smooth
Yellow,smooth
Yellow,smooth
Yellow,smooth
Yellow,smooth
Yellow,smooth
Yellow,smooth
Yellow,smooth
Yellow,smooth
Yellow,smooth
Yellow,smooth
Yellow,smooth
Yellow,smooth
Yellow,smooth
Yellow,smooth
Yellow,smooth
Yellow,smooth
Yellow,smooth
Yellow,smooth
Yellow,smooth
Yellow,smooth
Yellow,smooth
Yellow,smooth
Yellow,smooth
Yellow,smooth
Yellow,smooth
Yellow,smooth
Yellow,smooth
Yellow,smooth
Yellow,smooth
Yellow,smooth
Yellow,smooth
Yellow,smooth
Yellow,smooth
Yellow,smooth
Yellow,smooth
Yellow,smooth
Yellow,smooth
Yellow,smooth
Yellow,smooth
Yellow,smooth
Yellow,smooth
Yellow,smooth
Yellow,smooth
Yellow,smooth
Yellow,smooth
Yellow,smooth
Yellow,smooth
Yellow,smooth
Yellow,smooth
Yellow,smooth
Yellow,smooth
Yellow,smooth
Yellow,smooth
Yellow,smooth
Yellow,smooth
Yellow,smooth
Yellow,smooth
Yellow,smooth
Yellow,smooth
Yellow,smooth
Yellow,smooth
Yellow,smooth
Yellow,smooth
Yellow,smooth
Yellow,smooth
Yellow,smooth
Yellow,smooth
Yellow,smooth
Yellow,smooth
Yellow,smooth
Yellow,smooth
Yellow,smooth
Yellow,smooth
Yellow,smooth
Yellow,smooth
Yellow,smooth
Yellow,smooth
Yellow,smooth
Yellow,smooth
Yellow,smooth
Yellow,smooth
Yellow,smooth
Yellow,smooth
Yellow,smooth
Yellow,smooth
Yellow,smooth
Yellow,smooth
Yellow,smooth
Yellow,smooth
Yellow,smooth
Yellow,smooth
Yellow,smooth
Yellow,smooth
Yellow,smooth
Yellow,smooth
Yellow,smooth
Yellow,smooth
Yellow,smooth
Yellow,smooth
Yellow,smooth
Yellow,smooth
Yellow,smooth
Yellow,smooth
Yellow,smooth
Yellow,smooth
Yellow,smooth
Yellow,smooth
Yellow,smooth
Yellow,smooth
Yellow,smooth
Yellow,smooth
Yellow,smooth
Yellow,smooth
Yellow,smooth
Yellow,smooth
Yellow,smooth
Yellow,smooth
Yellow,smooth
Yellow,smooth
Yellow,smooth
Yellow,smooth
Yellow,smooth
Yellow,smooth
Yellow,smooth
Yellow,smooth
Yellow,smooth
Yellow,smooth
Yellow,smooth
Yellow,smooth
Yellow,smooth
Yellow,smooth
Yellow,smooth
Yellow,smooth
Yellow,smooth
Yellow,smooth
Yellow,smooth
Yellow,smooth
Yellow,smooth
Yellow,smooth
Yellow,smooth
Yellow,smooth
Yellow,smooth
Yellow,smooth
Yellow,smooth
Yellow,smooth
Yellow,smooth
Yellow,smooth
Yellow,smooth
Yellow,smooth
Yellow,smooth
Yellow,smooth
Yellow,smooth
Yellow,smooth
Yellow,smooth
Yellow,smooth
Yellow,smooth
Yellow,smooth
Yellow,smooth
Yellow,smooth
Yellow,smooth
Yellow,smooth
Yellow,smooth
Yellow,smooth
Yellow,smooth
Yellow,smooth
Yellow,smooth
Yellow,smooth
Yellow,smooth
Yellow,wrinkled
Yellow,wrinkled
Yellow,wrinkled
Yellow,wrinkled
Yellow,wrinkled
Yellow,wrinkled
Yellow,wrinkled
Yellow,wrinkled
Yellow,wrinkled
Yellow,wrinkled
Yellow,wrinkled
Yellow,wrinkled
Yellow,wrinkled
Yellow,wrinkled
Yellow,wrinkled
Yellow,wrinkled
Yellow,wrinkled
Yellow,wrinkled
Yellow,wrinkled
Yellow,wrinkled
Yellow,wrinkled
Yellow,wrinkled
Yellow,wrinkled
Yellow,wrinkled
Yellow,wrinkled
Yellow,wrinkled
Yellow,wrinkled
Yellow,wrinkled
Yellow,wrinkled
Yellow,wrinkled
Yellow,wrinkled
Yellow,wrinkled
Yellow,wrinkled
Yellow,wrinkled
Yellow,wrinkled
Yellow,wrinkled
Yellow,wrinkled
Yellow,wrinkled
Yellow,wrinkled
Yellow,wrinkled
Yellow,wrinkled
Yellow,wrinkled
Yellow,wrinkled
Yellow,wrinkled
Yellow,wrinkled
Yellow,wrinkled
Yellow,wrinkled
Yellow,wrinkled
Yellow,wrinkled
Yellow,wrinkled
Yellow,wrinkled
Yellow,wrinkled
Yellow,wrinkled
Yellow,wrinkled
Yellow,wrinkled
Yellow,wrinkled
Yellow,wrinkled
Yellow,wrinkled
Yellow,wrinkled
Yellow,wrinkled
Yellow,wrinkled
Yellow,wrinkled
Yellow,wrinkled
Yellow,wrinkled
Yellow,wrinkled
Yellow,wrinkled
Yellow,wrinkled
Yellow,wrinkled
Yellow,wrinkled
Yellow,wrinkled
Yellow,wrinkled
Yellow,wrinkled
Yellow,wrinkled
Yellow,wrinkled
Yellow,wrinkled
Yellow,wrinkled
Yellow,wrinkled
Yellow,wrinkled
Yellow,wrinkled
Yellow,wrinkled
Yellow,wrinkled
Yellow,wrinkled
Yellow,wrinkled
Yellow,wrinkled
Yellow,wrinkled
Yellow,wrinkled
Yellow,wrinkled
Yellow,wrinkled
Yellow,wrinkled
Yellow,wrinkled
Yellow,wrinkled
Yellow,wrinkled
Yellow,wrinkled
Yellow,wrinkled
Yellow,wrinkled
Yellow,wrinkled
Yellow,wrinkled
Yellow,wrinkled
Yellow,wrinkled
Yellow,wrinkled
Yellow,wrinkled
Green,smooth
Green,smooth
Green,smooth
Green,smooth
Green,smooth
Green,smooth
Green,smooth
Green,smooth
Green,smooth
Green,smooth
Green,smooth
Green,smooth
Green,smooth
Green,smooth
Green,smooth
Green,smooth
Green,smooth
Green,smooth
Green,smooth
Green,smooth
Green,smooth
Green,smooth
Green,smooth
Green,smooth
Green,smooth
Green,smooth
Green,smooth
Green,smooth
Green,smooth
Green,smooth
Green,smooth
Green,smooth
Green,smooth
Green,smooth
Green,smooth
Green,smooth
Green,smooth
Green,smooth
Green,smooth
Green,smooth
Green,smooth
Green,smooth
Green,smooth
Green,smooth
Green,smooth
Green,smooth
Green,smooth
Green,smooth
Green,smooth
Green,smooth
Green,smooth
Green,smooth
Green,smooth
Green,smooth
Green,smooth
Green,smooth
Green,smooth
Green,smooth
Green,smooth
Green,smooth
Green,smooth
Green,smooth
Green,smooth
Green,smooth
Green,smooth
Green,smooth
Green,smooth
Green,smooth
Green,smooth
Green,smooth
Green,smooth
Green,smooth
Green,smooth
Green,smooth
Green,smooth
Green,smooth
Green,smooth
Green,smooth
Green,smooth
Green,smooth
Green,smooth
Green,smooth
Green,smooth
Green,smooth
Green,smooth
Green,smooth
Green,smooth
Green,smooth
Green,smooth
Green,smooth
Green,smooth
Green,smooth
Green,smooth
Green,smooth
Green,smooth
Green,smooth
Green,smooth
Green,smooth
Green,smooth
Green,smooth
Green,smooth
Green,smooth
Green,smooth
Green,smooth
Green,smooth
Green,smooth
Green,smooth
Green,smooth
Green,wrinkled
Green,wrinkled
Green,wrinkled
Green,wrinkled
Green,wrinkled
Green,wrinkled
Green,wrinkled
Green,wrinkled
Green,wrinkled
Green,wrinkled
Green,wrinkled
Green,wrinkled
Green,wrinkled
Green,wrinkled
Green,wrinkled
Green,wrinkled
Green,wrinkled
Green,wrinkled
Green,wrinkled
Green,wrinkled
Green,wrinkled
Green,wrinkled
Green,wrinkled
Green,wrinkled
Green,wrinkled
Green,wrinkled
Green,wrinkled
Green,wrinkled
Green,wrinkled
Green,wrinkled
Green,wrinkled
Green,wrinkled