typeOfMales,cannibalism
one father,cannibalism
one father,cannibalism
one father,cannibalism
one father,cannibalism
one father,cannibalism
one father,cannibalism
one father,cannibalism
one father,cannibalism
one father,cannibalism
one father,cannibalism
one father,cannibalism
one father,cannibalism
one father,cannibalism
one father,cannibalism
one father,cannibalism
one father,cannibalism
one father,cannibalism
one father,cannibalism
one father,cannibalism
one father,cannibalism
one father,cannibalism
one father,cannibalism
one father,cannibalism
one father,cannibalism
one father,cannibalism
one father,cannibalism
one father,cannibalism
one father,cannibalism
one father,cannibalism
one father,cannibalism
one father,cannibalism
one father,cannibalism
one father,cannibalism
one father,cannibalism
one father,cannibalism
one father,cannibalism
one father,cannibalism
one father,cannibalism
one father,cannibalism
one father,cannibalism
one father,cannibalism
one father,cannibalism
one father,cannibalism
one father,cannibalism
one father,cannibalism
one father,cannibalism
one father,cannibalism
one father,cannibalism
one father,cannibalism
one father,cannibalism
one father,cannibalism
one father,cannibalism
one father,cannibalism
one father,cannibalism
one father,cannibalism
one father,cannibalism
one father,cannibalism
one father,cannibalism
one father,cannibalism
one father,cannibalism
one father,cannibalism
one father, no cannibalism
one father, no cannibalism
one father, no cannibalism
one father, no cannibalism
one father, no cannibalism
one father, no cannibalism
one father, no cannibalism
one father, no cannibalism
one father, no cannibalism
one father, no cannibalism
one father, no cannibalism
one father, no cannibalism
one father, no cannibalism
one father, no cannibalism
one father, no cannibalism
one father, no cannibalism
one father, no cannibalism
one father, no cannibalism
one father, no cannibalism
one father, no cannibalism
one father, no cannibalism
one father, no cannibalism
one father, no cannibalism
one father, no cannibalism
one father, no cannibalism
one father, no cannibalism
one father, no cannibalism
one father, no cannibalism
one father, no cannibalism
one father, no cannibalism
one father, no cannibalism
one father, no cannibalism
one father, no cannibalism
one father, no cannibalism
one father, no cannibalism
one father, no cannibalism
one father, no cannibalism
one father, no cannibalism
one father, no cannibalism
one father, no cannibalism
one father, no cannibalism
one father, no cannibalism
one father, no cannibalism
one father, no cannibalism
one father, no cannibalism
one father, no cannibalism
one father, no cannibalism
one father, no cannibalism
one father, no cannibalism
one father, no cannibalism
one father, no cannibalism
one father, no cannibalism
one father, no cannibalism
one father, no cannibalism
one father, no cannibalism
one father, no cannibalism
one father, no cannibalism
one father, no cannibalism
one father, no cannibalism
one father, no cannibalism
one father, no cannibalism
one father, no cannibalism
one father, no cannibalism
one father, no cannibalism
one father, no cannibalism
one father, no cannibalism
one father, no cannibalism
one father, no cannibalism
one father, no cannibalism
one father, no cannibalism
one father, no cannibalism
one father, no cannibalism
one father, no cannibalism
one father, no cannibalism
one father, no cannibalism
one father, no cannibalism
one father, no cannibalism
one father, no cannibalism
one father, no cannibalism
one father, no cannibalism
one father, no cannibalism
one father, no cannibalism
one father, no cannibalism
one father, no cannibalism
one father, no cannibalism
one father, no cannibalism
one father, no cannibalism
one father, no cannibalism
one father, no cannibalism
one father, no cannibalism
one father, no cannibalism
one father, no cannibalism
one father, no cannibalism
one father, no cannibalism
one father, no cannibalism
one father, no cannibalism
one father, no cannibalism
one father, no cannibalism
one father, no cannibalism
one father, no cannibalism
one father, no cannibalism
one father, no cannibalism
one father, no cannibalism
one father, no cannibalism
one father, no cannibalism
one father, no cannibalism
one father, no cannibalism
one father, no cannibalism
one father, no cannibalism
one father, no cannibalism
one father, no cannibalism
one father, no cannibalism
one father, no cannibalism
one father, no cannibalism
one father, no cannibalism
one father, no cannibalism
one father, no cannibalism
one father, no cannibalism
one father, no cannibalism
one father, no cannibalism
one father, no cannibalism
one father, no cannibalism
one father, no cannibalism
one father, no cannibalism
one father, no cannibalism
one father, no cannibalism
one father, no cannibalism
one father, no cannibalism
one father, no cannibalism
one father, no cannibalism
one father, no cannibalism
one father, no cannibalism
one father, no cannibalism
one father, no cannibalism
one father, no cannibalism
one father, no cannibalism
one father, no cannibalism
one father, no cannibalism
one father, no cannibalism
one father, no cannibalism
one father, no cannibalism
one father, no cannibalism
one father, no cannibalism
one father, no cannibalism
one father, no cannibalism
one father, no cannibalism
one father, no cannibalism
one father, no cannibalism
one father, no cannibalism
one father, no cannibalism
one father, no cannibalism
one father, no cannibalism
one father, no cannibalism
one father, no cannibalism
one father, no cannibalism
one father, no cannibalism
one father, no cannibalism
one father, no cannibalism
one father, no cannibalism
one father, no cannibalism
one father, no cannibalism
one father, no cannibalism
one father, no cannibalism
one father, no cannibalism
one father, no cannibalism
one father, no cannibalism
one father, no cannibalism
one father, no cannibalism
one father, no cannibalism
one father, no cannibalism
one father, no cannibalism
one father, no cannibalism
one father, no cannibalism
one father, no cannibalism
one father, no cannibalism
one father, no cannibalism
one father, no cannibalism
one father, no cannibalism
one father, no cannibalism
one father, no cannibalism
one father, no cannibalism
one father, no cannibalism
one father, no cannibalism
one father, no cannibalism
one father, no cannibalism
one father, no cannibalism
one father, no cannibalism
one father, no cannibalism
one father, no cannibalism
one father, no cannibalism
one father, no cannibalism
one father, no cannibalism
one father, no cannibalism
one father, no cannibalism
one father, no cannibalism
one father, no cannibalism
one father, no cannibalism
one father, no cannibalism
one father, no cannibalism
one father, no cannibalism
one father, no cannibalism
one father, no cannibalism
one father, no cannibalism
one father, no cannibalism
one father, no cannibalism
one father, no cannibalism
one father, no cannibalism
one father, no cannibalism
one father, no cannibalism
one father, no cannibalism
one father, no cannibalism
one father, no cannibalism
one father, no cannibalism
one father, no cannibalism
one father, no cannibalism
one father, no cannibalism
one father, no cannibalism
one father, no cannibalism
one father, no cannibalism
one father, no cannibalism
one father, no cannibalism
one father, no cannibalism
one father, no cannibalism
one father, no cannibalism
one father, no cannibalism
one father, no cannibalism
one father, no cannibalism
one father, no cannibalism
one father, no cannibalism
one father, no cannibalism
one father, no cannibalism
one father, no cannibalism
one father, no cannibalism
one father, no cannibalism
one father, no cannibalism
one father, no cannibalism
one father, no cannibalism
one father, no cannibalism
one father, no cannibalism
one father, no cannibalism
one father, no cannibalism
one father, no cannibalism
one father, no cannibalism
one father, no cannibalism
one father, no cannibalism
one father, no cannibalism
one father, no cannibalism
one father, no cannibalism
one father, no cannibalism
one father, no cannibalism
one father, no cannibalism
one father, no cannibalism
one father, no cannibalism
one father, no cannibalism
one father, no cannibalism
one father, no cannibalism
one father, no cannibalism
one father, no cannibalism
one father, no cannibalism
one father, no cannibalism
one father, no cannibalism
one father, no cannibalism
one father, no cannibalism
one father, no cannibalism
one father, no cannibalism
one father, no cannibalism
one father, no cannibalism
one father, no cannibalism
one father, no cannibalism
one father, no cannibalism
one father, no cannibalism
one father, no cannibalism
one father, no cannibalism
one father, no cannibalism
one father, no cannibalism
one father, no cannibalism
one father, no cannibalism
one father, no cannibalism
one father, no cannibalism
one father, no cannibalism
one father, no cannibalism
one father, no cannibalism
one father, no cannibalism
one father, no cannibalism
one father, no cannibalism
one father, no cannibalism
one father, no cannibalism
one father, no cannibalism
one father, no cannibalism
one father, no cannibalism
one father, no cannibalism
one father, no cannibalism
one father, no cannibalism
one father, no cannibalism
one father, no cannibalism
one father, no cannibalism
one father, no cannibalism
one father, no cannibalism
one father, no cannibalism
one father, no cannibalism
one father, no cannibalism
one father, no cannibalism
one father, no cannibalism
one father, no cannibalism
one father, no cannibalism
one father, no cannibalism
one father, no cannibalism
one father, no cannibalism
one father, no cannibalism
one father, no cannibalism
one father, no cannibalism
one father, no cannibalism
one father, no cannibalism
one father, no cannibalism
one father, no cannibalism
one father, no cannibalism
one father, no cannibalism
one father, no cannibalism
one father, no cannibalism
one father, no cannibalism
one father, no cannibalism
one father, no cannibalism
one father, no cannibalism
one father, no cannibalism
one father, no cannibalism
one father, no cannibalism
one father, no cannibalism
one father, no cannibalism
one father, no cannibalism
one father, no cannibalism
one father, no cannibalism
one father, no cannibalism
one father, no cannibalism
one father, no cannibalism
one father, no cannibalism
one father, no cannibalism
one father, no cannibalism
one father, no cannibalism
one father, no cannibalism
one father, no cannibalism
one father, no cannibalism
one father, no cannibalism
one father, no cannibalism
one father, no cannibalism
one father, no cannibalism
one father, no cannibalism
one father, no cannibalism
one father, no cannibalism
one father, no cannibalism
one father, no cannibalism
one father, no cannibalism
one father, no cannibalism
one father, no cannibalism
one father, no cannibalism
one father, no cannibalism
one father, no cannibalism
one father, no cannibalism
one father, no cannibalism
one father, no cannibalism
one father, no cannibalism
one father, no cannibalism
one father, no cannibalism
one father, no cannibalism
one father, no cannibalism
one father, no cannibalism
one father, no cannibalism
one father, no cannibalism
one father, no cannibalism
one father, no cannibalism
one father, no cannibalism
one father, no cannibalism
one father, no cannibalism
one father, no cannibalism
one father, no cannibalism
one father, no cannibalism
one father, no cannibalism
one father, no cannibalism
one father, no cannibalism
one father, no cannibalism
one father, no cannibalism
one father, no cannibalism
one father, no cannibalism
one father, no cannibalism
one father, no cannibalism
one father, no cannibalism
one father, no cannibalism
one father, no cannibalism
one father, no cannibalism
one father, no cannibalism
one sneaker,cannibalism
one sneaker,cannibalism
one sneaker,cannibalism
one sneaker,cannibalism
one sneaker,cannibalism
one sneaker,cannibalism
one sneaker,cannibalism
one sneaker,cannibalism
one sneaker,cannibalism
one sneaker,cannibalism
one sneaker,cannibalism
one sneaker,cannibalism
one sneaker,cannibalism
one sneaker,cannibalism
one sneaker,cannibalism
one sneaker,cannibalism
one sneaker,cannibalism
one sneaker,cannibalism
one sneaker, no cannibalism
one sneaker, no cannibalism
one sneaker, no cannibalism
one sneaker, no cannibalism
one sneaker, no cannibalism
one sneaker, no cannibalism
one sneaker, no cannibalism
one sneaker, no cannibalism
one sneaker, no cannibalism
one sneaker, no cannibalism
one sneaker, no cannibalism
one sneaker, no cannibalism
one sneaker, no cannibalism
one sneaker, no cannibalism
one sneaker, no cannibalism
one sneaker, no cannibalism
one sneaker, no cannibalism
multiple sneakers,cannibalism
multiple sneakers,cannibalism
multiple sneakers,cannibalism
multiple sneakers,cannibalism
multiple sneakers,cannibalism
multiple sneakers,cannibalism
multiple sneakers,cannibalism
multiple sneakers,cannibalism
multiple sneakers,cannibalism
multiple sneakers,cannibalism
multiple sneakers,cannibalism
multiple sneakers,cannibalism
multiple sneakers,cannibalism
multiple sneakers,cannibalism
multiple sneakers,cannibalism
multiple sneakers,cannibalism
multiple sneakers, no cannibalism
multiple sneakers, no cannibalism
multiple sneakers, no cannibalism
multiple sneakers, no cannibalism